Radius,Region,Lat
11.89289131,8,24.55887437
8.059735763,8,24.55894243
10.47909612,8,24.55897146
10.92949751,8,24.55909519
9.5617014,8,24.55903094
10.6793094,8,24.55912208
8.93771902,8,24.55902071
9.23695538,8,24.55901524
9.71141621,8,24.55930506
9.593586385,8,24.55930387
9.736985962,8,24.55933623
9.844790543,8,24.55939928
9.092280395,8,24.55960463
7.010975987,8,24.55952421
8.467063322,8,24.55954253
6.661842256,8,24.55938762
7.488126833,8,24.55934979
9.27221518,8,24.55945591
9.502177399,8,24.55986613
7.719337877,8,24.55997511
8.28850719,8,24.55950541
8.087991153,8,24.55949756
7.849749851,8,24.55959392
8.938211377,8,24.55962438
11.87832081,8,24.56044548
9.505116893,8,24.56001885
11.45624868,8,24.56012854
9.58283908,8,24.56013068
11.72813601,8,24.56002741
8.309068375,8,24.55994151
8.07662557,8,24.55986038
14.28053523,8,24.56030034
7.162216661,8,24.56003455
9.835067775,8,24.55942874
11.15767895,8,24.55919817
8.627784471,8,24.55918294
9.385558321,8,24.55893338
10.25311103,8,24.55922772
10.14924208,8,24.55927841
15.62102133,8,24.55996726
9.59582915,8,24.55977234
11.0227574,8,24.55944492
8.975657489,8,24.5589439
10.48998656,8,24.55910428
10.44381085,8,24.55936602
10.51409793,8,24.55948214
15.60471426,8,24.55949927
9.50074026,8,24.55954805
19.55189109,5,24.63541914
14.01433225,5,24.63545316
9.527809467,5,24.63550694
12.96372309,5,24.63535679
8.78810832,5,24.63545126
8.866286301,5,24.63555738
8.7562802,5,24.63551075
9.214646023,5,24.63569277
8.757264864,5,24.63566137
12.24536979,5,24.63612536
11.09144664,5,24.63643279
8.889936444,5,24.63661957
10.1615585,5,24.63651107
14.18226805,5,24.63596332
8.833713157,5,24.63623505
9.070677189,5,24.63603018
13.54713388,5,24.63654184
13.28417354,5,24.636477
12.78764068,5,24.63654223
6.846442317,5,24.6366618
7.555167878,5,24.63671633
14.26657197,5,24.6366848
7.751063589,5,24.63628248
7.48794723,5,24.63627613
7.362122465,5,24.63629695
9.797641238,5,24.6358746
7.517909949,5,24.63570427
6.609184125,5,24.63574036
7.493796572,5,24.63575225
5.748654342,5,24.63611076
8.673559899,5,24.63614427
9.008782242,5,24.63639213
7.894402755,5,24.63640244
8.754015075,5,24.63644051
6.81457739,5,24.63670741
11.78164156,5,24.63661778
11.11942713,5,24.63685295
10.2867557,5,24.63634557
11.35991139,5,24.63641834
6.559729262,5,24.63602454
6.600535836,5,24.63582744
8.021385826,5,24.63537269
9.560692899,5,24.63525391
8.73054961,5,24.63528604
7.969862994,5,24.63528584
6.890571443,5,24.63584263
11.32947346,5,24.63532272
6.793639686,5,24.63561682
9.918373169,5,24.63608629
9.34364348,5,24.63632328
7.967145997,5,24.63683877
12.29087319,5,24.63601667
5.458656272,6,12.53845364
14.86062536,6,12.53891819
7.947679697,6,12.53903728
4.998268719,6,12.53902705
5.20508273,6,12.53903026
8.133209342,6,12.53905322
4.402207823,6,12.53883098
4.061591912,6,12.5388286
4.268574668,6,12.53885097
5.697703119,6,12.53877209
7.62965375,6,12.53866501
3.913028017,6,12.53862528
5.904025194,6,12.53847549
3.706337007,6,12.53849679
4.435307016,6,12.53851487
3.12657511,6,12.53853307
3.605736347,6,12.53854366
7.527939534,6,12.53851975
16.9731229,6,12.53889868
4.99190987,6,12.53838269
6.499387896,6,12.53863325
6.099633915,6,12.53888083
7.300967135,6,12.53893663
6.671526422,6,12.53897054
7.488646645,6,12.53856186
7.878472094,6,12.53847727
6.161226411,6,12.53848608
5.423940623,6,12.5385301
6.396164002,6,12.53830476
5.699701547,6,12.53850238
8.146450273,6,12.53855187
9.263039576,6,12.53872057
8.619066074,6,12.538421
5.770351676,6,12.53827086
5.891512516,6,12.53864431
5.669151946,6,12.5386524
5.034790322,6,12.53863813
7.916925157,6,12.53866394
5.830849339,6,12.53874766
5.724659223,6,12.538866
5.79492543,6,12.53886235
5.815975364,6,12.53903922
8.405358916,6,12.53907555
8.979785033,6,12.53946197
9.048089063,6,12.53946927
6.155191117,6,12.53947673
9.514845878,6,12.53900686
5.254936227,6,12.53947847
5.63906951,6,12.53980049
8.876441131,6,12.53955414
4.893510483,6,12.53919659
4.805257775,6,12.53959951
5.557487684,6,12.53951147
8.819002637,6,12.53961061
6.45206594,6,12.5396701
7.274981031,6,12.53967803
6.486536582,6,12.5390865
6.127154595,6,12.53911235
12.5328843,6,12.53954161
6.592029642,6,12.53960062
6.583720585,6,12.53980081
6.356946106,6,12.53979066
6.394353796,6,12.53931207
5.865650572,6,12.5390746
6.995552086,6,12.53912219
10.60486879,6,12.53867342
6.944800541,6,12.53991641
9.531305383,6,12.53989202
5.281024095,6,12.53833144
6.980306604,6,12.53846616
6.44730381,6,12.53840858
3.550130927,6,12.5398406
7.570510058,6,12.53977356
4.938413793,6,12.53992441
4.479330694,6,12.53946954
4.511797907,6,12.53954866
4.715448496,6,12.5397057
4.618000029,6,12.53977659
4.658396446,6,12.53941134
4.252509996,6,12.53945199
7.379619902,6,12.53926124
9.657391359,2,12.65757312
6.756726654,2,12.65751601
7.439876455,2,12.65743035
10.65158105,2,12.6574754
7.043273134,2,12.65771573
6.415315377,2,12.65764894
8.109875391,2,12.65751554
6.912808964,2,12.65749269
6.272187346,2,12.65745684
5.911347758,2,12.65749745
8.779086316,2,12.65784342
5.171269831,2,12.65755503
7.343455476,2,12.65741734
5.754468958,2,12.65760262
7.09446996,2,12.65782407
6.260862039,2,12.65817052
4.837444162,2,12.65813784
6.953811764,2,12.65804029
6.959070777,2,12.65809977
10.75125039,2,12.65811088
5.581191701,2,12.65782358
4.877883196,2,12.65776112
7.599958808,2,12.6580761
18.22981981,2,12.65846157
8.823150328,2,12.6584582
5.817014883,2,12.65840198
5.170481458,2,12.65835211
3.804391473,2,12.65832306
6.750327979,2,12.65830452
7.572659546,2,12.65848199
6.728340295,2,12.65875325
5.009578833,2,12.65885696
9.538338826,2,12.65887857
4.999811688,2,12.65890841
11.87816665,2,12.65880015
6.973266777,2,12.65873412
5.41832722,2,12.65890702
5.234729168,2,12.65885656
5.618099944,2,12.6588057
3.832825781,2,12.65896264
4.862474018,2,12.65888273
6.386255931,2,12.65872985
7.082390668,2,12.65851104
4.416973487,2,12.65886558
5.234130447,2,12.6588749
5.692313475,2,12.65881938
4.67967048,2,12.65888531
6.67614119,2,12.65869991
9.309025825,2,12.65865093
6.693185067,2,12.6586273
10.56261254,2,12.65857194
4.59775753,2,12.65831258
4.766720612,2,12.65830544
4.987857213,2,12.65889166
5.589708009,2,12.65889023
5.545294144,2,12.658903
4.570375373,2,12.65889412
3.625388742,2,12.65842338
6.552814825,2,12.65897303
4.064019082,2,12.65747247
3.766598052,2,12.65806432
4.61129005,2,12.65810826
4.303372456,2,12.6580322
31.8294587,8,32.11456166
30.27131734,8,32.11407434
20.49208914,8,32.11412312
21.07611868,8,32.11426018
12.47892806,8,32.11371838
10.67929829,8,32.11397869
11.09742262,8,32.11408981
12.78891773,8,32.11457879
13.65197374,8,32.11472156
12.4003205,8,32.11450122
7.214992713,8,32.11452025
5.917710029,8,32.1145569
7.304511537,8,32.11454191
5.633957757,8,32.11369268
10.93674854,8,32.11479342
8.087835335,8,32.11483553
15.15630252,8,32.1151896
22.73205369,8,32.11373099
9.027506889,8,32.11429706
10.5068316,8,32.11464184
6.405779691,8,32.11505254
17.33927255,8,32.11515747
6.587783685,8,32.11442864
8.506049383,8,32.11403861
14.88603344,8,32.11366507
15.45226441,8,32.11511527
14.35564831,8,32.11489319
11.97282019,8,32.11425422
11.29318525,8,32.11430816
21.86521856,8,32.11506895
14.88215173,8,32.11522346
10.53700831,8,32.11449344
12.23139103,8,32.11364159
13.75752969,8,32.11410892
48.79083562,7,32.13303131
20.53788194,7,32.13311558
25.08946517,7,32.13300206
18.4687404,7,32.13262234
23.20005119,7,32.13375804
14.68928879,7,32.13387999
14.70926989,7,32.13335056
17.03334541,7,32.13368418
13.07659555,7,32.13375953
25.79190963,7,32.13291581
11.56293137,7,32.13344464
12.66397436,7,32.13378689
11.45163343,7,32.13373177
17.22131114,7,32.13237071
10.69879426,7,32.13388524
14.7513453,7,32.13329276
16.43377764,7,32.1326499
13.20443863,7,32.1337972
9.396624033,7,32.13386097
12.31243235,7,32.13298723
11.92983796,7,32.13302816
21.04731866,7,32.13277213
7.039362657,7,32.13245074
12.59496437,7,32.13345614
10.18867505,5,19.27618505
6.615922713,5,19.27612889
6.478151271,5,19.27618719
10.5066071,5,19.27554124
5.228675164,5,19.27556777
9.616189571,5,19.27551756
9.543062134,5,19.27573326
5.81695993,5,19.27555325
9.2165292,5,19.27573493
11.57119381,5,19.27565973
11.5065748,5,19.27568662
5.926646323,5,19.27574397
6.923668499,5,19.27569102
7.182578016,5,19.2755598
6.433293691,5,19.2759793
6.748920384,5,19.27609149
6.934530499,5,19.2759166
4.865690977,5,19.27579084
6.067418767,5,19.27579751
8.73610671,5,19.27538086
7.249003317,5,19.2757567
6.637237609,5,19.2754733
9.351254292,5,19.27557729
6.772231347,5,19.27567306
6.631114683,5,19.27556146
7.050099121,5,19.27555492
8.007907857,5,19.2754187
7.924204116,5,19.27549983
10.06237207,5,19.27551732
3.796534418,5,19.27563404
7.08257466,5,19.27564558
5.677000063,5,19.27572791
5.702741932,5,19.27582035
4.576554906,5,19.27591672
4.908273611,5,19.27580191
8.056024336,5,19.27581392
6.130656941,5,19.27555742
6.423010207,5,19.27584367
6.40559805,5,19.27612361
7.22069239,5,19.27578799
4.05566581,5,19.27625282
8.486049474,5,19.27621034
7.557053177,5,19.27664019
6.613338541,5,19.27685815
8.060464276,5,19.27585604
6.77444445,5,19.27644543
6.58132471,5,19.27579834
6.760226785,5,19.27577728
6.824416588,5,19.27671217
6.939597435,5,19.27674441
5.145245227,5,19.27614205
8.112556443,8,19.21461613
4.656170204,8,19.21460978
4.687224309,8,19.21457112
6.761984737,8,19.21525938
6.672074233,8,19.21531946
7.344718747,8,19.21537518
6.328021679,8,19.21551239
6.164515764,8,19.21568867
5.664225213,8,19.21532461
7.553162897,8,19.21532085
6.772437931,8,19.21526394
9.223227959,8,19.21516341
5.764029423,8,19.21510689
6.659628996,8,19.21527484
7.069634966,8,19.21529428
6.599467529,8,19.21526255
6.511466329,8,19.21578425
8.017726359,8,19.21468137
7.565717584,8,19.21465975
6.92500865,8,19.21456933
5.301359807,8,19.21463477
7.487759907,8,19.21532105
6.133270981,8,19.21472677
7.692674927,8,19.21540214
6.167809107,8,19.21533671
5.849954791,8,19.21550387
5.96001087,8,19.21508211
6.04643098,8,19.21505455
10.52854385,8,19.21497226
8.721790946,8,19.21553222
6.937530405,8,19.2155806
5.928193914,8,19.21561531
7.916162158,8,19.21563573
6.528599957,8,19.2156157
7.712241588,8,19.21517629
5.777406064,8,19.21507675
5.692859879,8,19.21539084
6.526945678,8,19.21619807
7.166800953,8,19.21616139
7.646616376,8,19.21601981
5.6419185,8,19.21589628
6.564458663,8,19.21584155
5.369082688,8,19.21594585
7.986891981,8,19.21603191
5.559571639,8,19.21599324
5.418307164,8,19.21590461
4.613238789,8,19.21586138
13.72116949,8,19.21603389
7.776057619,8,19.21607871
9.507939268,8,19.21601208
13.92069445,8,19.21613542
7.139128346,8,19.21607058
7.655212754,8,19.21599166
5.76337015,8,19.2160329
7.744712111,8,19.21593455
10.92880425,8,19.21552667
6.757410865,8,19.21545489
6.053428766,8,19.21568828
5.556018519,8,19.21577612
4.76489926,8,19.21573368
6.511687193,8,19.21572813
7.74936154,8,19.21573864
6.210374811,8,19.21576977
5.925883605,8,19.21584869
6.38921944,8,19.21612828
34.83479168,2,19.40822173
8.889082508,2,19.40778581
10.22972765,2,19.40773227
6.168430205,2,19.40778938
7.156150747,2,19.40780627
7.864264923,2,19.40790811
8.482885555,2,19.40739415
5.874395219,2,19.4074327
9.171838472,2,19.40824909
12.07797072,2,19.40815296
9.101530675,2,19.40817057
6.498061243,2,19.40820364
10.23853819,2,19.40733252
8.246969496,2,19.40722473
8.368748349,2,19.40731729
7.739090706,2,19.40729255
7.122317935,2,19.40733728
7.849744006,2,19.40745863
6.407942613,2,19.40723044
5.035721352,2,19.40722093
7.596266436,2,19.40720713
7.186816772,2,19.40751669
11.37992065,2,19.40733895
9.046557671,2,19.40801329
8.339809827,2,19.40793905
7.290109705,2,19.40793262
10.48170115,2,19.40776106
10.25894307,2,19.4076942
8.270451394,2,19.40839281
7.530812739,2,19.40824981
6.448721125,2,19.40786195
4.942616162,2,19.407861
8.566435235,2,19.40759783
8.61559502,2,19.40765875
8.548647598,2,19.40753049
8.156394351,2,19.40736488
9.397125443,2,19.40770681
9.373161896,2,19.40762353
10.49402213,2,19.40840542
9.227634547,2,19.40768278
7.941661185,2,19.40777582
11.31995554,2,19.40876229
8.524340311,2,19.40878228
8.587295005,2,19.40879703
9.47558131,2,19.40878537
10.01999775,2,19.4087504
9.30230318,2,19.40871114
10.48907509,2,19.40806963
9.590902819,2,19.40835755
9.747873014,2,19.40848961
8.202605264,2,19.40813293
10.3436475,2,19.4081967
5.803737151,2,19.40821383
6.25002976,2,19.40823976
7.523958163,2,19.40825809
9.347927641,2,19.4079271
9.11903541,2,19.40869186
8.39911204,2,19.40879846
11.08878532,2,19.40862714
8.106105953,2,19.40803156
10.58134015,2,19.40746501
8.63952688,2,19.4074436
6.733729636,2,19.40765204
6.52135262,2,19.40827831
9.619689213,2,19.40849484
7.18462321,2,19.40875444
6.787399286,2,19.408699
7.892747524,2,19.40811413
7.0831862,2,19.40814578
6.805012769,2,19.40821621
9.927646603,2,19.40835802
7.674066406,2,19.4082983
9.728371443,2,19.40821502
6.676135456,2,19.40758327
4.798162328,7,35.54718813
4.542488043,7,35.54742746
5.26550455,7,35.54731761
6.132340971,7,35.547388
3.442343722,7,35.54734002
5.450443298,7,35.5483733
2.814192337,7,35.54835585
5.261899871,7,35.54833959
5.912459574,7,35.54850833
5.262243071,7,35.54757043
7.640676576,7,35.5480604
4.39769166,7,35.54822974
2.763631371,7,35.54851845
4.318539143,7,35.54806873
3.560392037,7,35.54814626
4.88149172,7,35.59096812
3.462447255,7,35.59098882
5.63702478,7,35.59102348
4.297852684,7,35.59110827
4.495743219,7,35.59099564
4.448190929,7,35.59097748
4.203168713,7,35.59100635
3.66045679,7,35.59106433
4.177356182,7,35.59115229
4.701765488,7,35.59120948
4.548144157,7,35.59131568
4.234736172,7,35.59103332
4.22747186,7,35.59104371
6.666845829,7,35.59110819
3.879668196,7,35.59113635
4.413006288,7,35.59138064
4.947215719,7,35.59142188
5.96423445,7,35.59174081
4.238310154,7,35.59159408
6.265658488,7,35.59186651
5.32109368,7,35.59193779
4.112356359,7,35.59205111
5.75240597,7,35.59222372
5.591814415,7,35.59230096
4.523966582,7,35.59230988
4.938119978,7,35.59240129
6.05732497,7,35.59245423
5.547489915,7,35.59240208
5.317717017,7,35.59232614
6.683397611,7,35.59228132
4.8801075,7,35.59223046
4.672743635,7,35.5921918
10.94721814,7,35.59222402
5.921274092,7,35.59229669
6.917921714,7,35.59248368
7.255417215,7,35.59244769
5.164375206,7,35.59246008
6.525210933,7,35.592597
4.552358908,7,35.59254227
4.310445765,7,35.59257281
5.029100348,7,35.59260483
3.792536308,7,35.59242836
4.285856346,7,35.59237601
3.944343227,7,35.59234507
5.21655589,7,35.59219576
7.703344582,7,35.59224216
6.242570868,7,35.59213598
5.793118555,7,35.59213876
4.662241343,7,35.59230998
4.454706506,7,35.59220399
5.411075922,7,35.59210911
5.107036049,7,35.59240099
3.062217734,7,35.5926085
6.312675229,7,35.59191994
3.937919983,7,35.59189238
4.342421801,7,35.59144237
4.111913181,7,35.59143701
5.608663951,7,35.5912646
4.746356828,7,35.59126272
4.280235965,7,35.59159862
5.747276283,7,35.59152267
4.472033257,7,35.59191885
3.777049642,7,35.59198706
2.60109915,7,35.59196833
4.652413087,7,35.59105273
3.98078231,7,35.59104995
4.663584969,7,35.59109536
4.203247785,7,35.59186105
3.849095797,7,35.59213148
5.181317567,7,35.59123744
4.860107808,7,35.59132024
4.974190574,7,35.59115114
4.164825496,7,35.59111672
6.986446747,7,35.59129232
5.178355101,7,35.59122712
4.592033227,7,35.59121507
4.25323999,7,35.59096267
6.039603083,7,35.59110514
4.452763044,7,35.59138502
3.857156648,7,35.59205613
3.378715497,7,35.59200418
4.299025522,7,
3.680231497,7,35.59203075
2.535579835,7,35.59195679
6.897395868,7,35.59166042
12.02826421,7,35.59205315
8.079306525,7,35.59174501
4.187455812,7,35.59179522
5.606096295,7,35.59187874
5.245664582,7,35.59096158
4.520692209,2,35.59142355
4.020376098,2,35.59230121
4.13522297,2,35.5925896
3.783756063,2,35.59250906
3.645887919,2,35.59235784
3.863556039,2,35.59213774
7.464722094,2,35.59200112
3.627041319,2,35.59202938
4.844420286,2,35.59195696
3.944889251,2,35.59148163
4.204462332,2,35.59152953
5.252236026,2,35.59165104
3.998580278,2,35.59136027
3.986939881,2,35.59113089
3.868177096,2,35.59120799
4.859879933,2,35.74462678
4.256367182,2,35.74475829
4.401146096,2,35.74466152
5.106251571,2,35.74485442
4.125981225,2,35.74490994
6.009500137,2,35.74485331
6.198299935,2,35.74494516
4.623801571,2,35.74485616
6.32459993,2,35.74504255
4.95669748,2,35.74502384
4.396145103,2,35.74500655
4.573955859,2,35.7448963
3.352905671,2,35.74488789
4.62970097,2,35.74500496
6.238910747,2,35.74520785
6.760929765,2,35.74520119
4.581510516,2,35.74513662
4.217582061,2,35.74486917
4.341283578,2,35.74481587
7.078794604,2,35.74491089
5.34798655,2,35.74471736
5.38331474,2,35.74511251
3.994803985,2,35.7449837
6.219581112,2,35.74545373
4.452199492,2,35.74536727
4.51699106,2,35.74497022
4.161733299,2,35.74482713
3.779701735,2,35.74479763
6.8123837,2,35.74477891
5.818282195,2,35.74469135
5.960137536,2,35.74463551
8.190703283,2,35.74489582
6.935963476,2,35.74488281
6.619809254,2,35.74523133
4.812755598,2,35.74560474
7.178158112,2,35.74550877
6.136933802,2,35.74544564
5.689949025,2,35.74561727
9.370394162,2,35.74563679
5.5611555,2,35.74571372
5.496452625,2,35.74580858
5.593267961,2,35.7454983
5.605771228,2,35.74560871
7.741095866,2,35.7456444
8.230507217,2,35.74564424
7.21566267,2,35.74570309
5.020255815,2,35.74552796
3.906797079,2,35.74546055
6.876693723,2,35.74534649
5.631372098,2,35.74549037
7.629595107,2,35.74571578
4.332011998,2,35.74561077
7.899060577,2,35.74563774
4.609429953,2,35.74625196
5.919305722,2,35.74619564
10.4873667,2,35.7457924
6.67717898,2,35.74579827
4.653307358,2,35.74556445
8.592048448,2,35.74548371
4.077508773,2,35.74541819
4.468764112,2,35.74530207
4.656559325,2,35.74528383
7.026711614,2,35.74481064
5.075918884,2,35.74483142
5.997810593,2,35.74508189
5.125583045,2,35.74505921
4.288999045,2,35.7449983
4.812836813,2,35.74500321
5.327293731,2,35.74499052
4.247184566,2,
4.141435555,2,35.74520007
8.915685128,2,35.74527685
7.233329781,2,35.74473957
4.91131568,2,35.74488995
3.070617396,2,35.74487694
5.63907324,2,35.74491977
3.258387944,2,35.74499338
7.995839398,3,16.30857639
10.82635536,3,16.30860098
11.19217476,3,16.30837473
12.66557544,3,16.30862022
11.77047527,3,16.30854288
6.156618346,3,16.30858016
7.927989069,3,16.30857838
8.72203382,3,16.30860376
8.547632437,3,16.30860019
6.990291717,3,16.30848558
9.578796614,3,16.30850759
8.696383578,3,16.30858889
8.001575253,3,16.30794584
7.57306748,3,16.30810665
10.4708649,3,16.30809416
9.911361004,3,16.30808067
9.252177312,3,16.30810784
17.37012201,3,16.30813828
7.39551798,3,16.30810754
6.501731736,3,16.30808811
7.552304775,3,16.30805648
7.094602714,3,16.30805777
8.057351408,3,16.30817417
9.918940019,3,16.3076994
6.99676807,3,16.30768719
7.362678424,3,16.30760883
14.23999391,3,16.30778475
8.633900546,3,16.30776428
8.956149881,3,16.30770813
10.21620948,3,16.30795179
8.482379301,3,16.30802666
7.039719017,3,16.30827967
9.262364536,3,16.30747224
8.678435223,3,16.30752792
8.955162757,3,16.30750905
5.821852623,3,16.30751365
5.218956279,3,16.30748208
6.60647401,3,16.3074659
8.353330226,3,16.30753157
7.154152659,3,16.30757075
9.133815269,3,16.30741768
11.95863433,3,16.30739261
7.364255107,3,16.30735359
8.444671239,3,16.30735232
10.7897944,3,16.30717973
9.62585682,3,16.307135
9.024049159,3,16.30721606
8.311304242,3,16.30723208
7.203717976,3,16.30714848
8.006337545,3,16.30718909
6.89528998,3,16.30711628
11.13763663,3,16.30697414
7.215560059,3,16.30712786
11.26202178,3,16.30741625
6.982508702,3,16.30752824
4.791498142,3,16.30715927
7.42828913,3,16.30721415
8.663665677,3,16.30760454
8.330037416,3,16.30761977
7.306181741,3,16.30766308
9.207382544,3,16.30742735
9.366606241,3,16.30707487
11.22931073,3,16.30703014
7.052047908,3,16.30708439
7.062601261,3,16.30725032
7.242816192,3,16.30727681
8.185015247,3,16.30739404
8.90858736,3,16.30719702
8.403004255,3,16.30722589
7.71445379,3,16.30752523
7.030147764,3,16.30763405
7.762666824,3,16.3078244
6.74134913,3,16.30736834
7.560117697,3,16.30727649
7.009584337,3,16.30699524
8.10869307,3,16.30721193
6.348800697,3,16.30713182
9.150545356,3,16.30698541
6.945049798,3,16.30739356
9.669220507,3,16.30701444
6.386888417,3,16.30708201
5.705426467,3,16.30710089
6.823988034,3,16.30723858
7.103284772,3,16.30726856
9.675126456,3,16.30794401
8.117488272,3,16.30793719
10.09097977,3,16.30798224
10.64719389,3,16.30813833
8.534927995,3,16.30821083
6.179336776,3,16.30820084
8.198622288,3,16.30842593
6.824046876,3,16.30839087
10.89170833,3,16.30861692
6.700461047,3,16.30855395
7.992971135,3,16.30836597
6.761647671,3,16.30834551
12.18306562,3,16.30817228
12.09232902,3,16.30847447
7.19607504,3,16.30852412
8.085216268,3,16.30808043
6.30011248,3,16.30839262
10.59580819,3,16.30854379
7.258723228,3,16.30764182
6.266985553,3,16.30759693
5.921461572,3,16.3076902
10.53659241,3,16.30800639
6.60754314,3,16.30797034
8.167832639,3,16.30809289
9.038514067,3,16.30834749
6.881139091,3,16.3075301
7.74990616,3,16.3075192
8.386670204,3,16.30751662
5.765630781,3,16.30739027
8.670279522,3,16.30771396
9.962072269,3,16.30710041
18.26336339,3,16.30716276
10.80190925,8,16.15008488
10.40694205,8,16.15010272
14.07575067,8,16.15010709
7.153205287,8,16.1500587
8.628873134,8,16.15012505
13.76392696,8,16.14988853
8.021601506,8,16.14995341
9.714681887,8,16.14985617
6.476481339,8,16.14960855
8.196041235,8,16.14933808
8.385214415,8,16.14922022
8.540222196,8,16.14954446
7.94942725,8,16.1493127
5.620234298,8,16.14935046
6.922880988,8,16.14937378
7.962175838,8,16.14913995
8.121897412,8,16.14905271
9.225101707,8,16.14852494
9.085047862,8,16.14864328
7.936762318,8,16.14869103
9.350115974,8,16.14885347
10.27399786,8,16.14892247
7.566875013,8,16.14873529
5.747806189,8,16.14885902
7.252107585,8,16.14887948
6.01688313,8,16.14855619
9.363349213,8,16.14871435
6.83702824,8,16.14910569
7.683460065,1,16.34780635
8.712842993,1,16.34782158
13.01467159,1,16.34796672
8.618944921,1,16.34795602
7.975361859,1,16.34798528
12.23917376,1,16.3478092
11.5448906,1,16.3474438
10.98190958,1,16.34813781
9.259859265,1,16.34757427
10.13579055,1,16.34845745
8.535718419,1,16.34866268
8.841010294,1,16.34859724
10.55767101,1,16.34847688
7.737152357,1,16.34814772
7.298948509,1,16.34763515
8.277724869,1,16.3482776
10.30460577,1,16.34855758
10.6042532,1,16.34859566
10.70190775,1,16.3478844
8.000355869,1,16.34795875
7.541330294,1,16.34804005
16.21534951,1,16.34847827
8.400621618,1,16.34860954
10.44812423,1,16.34866109
9.743467493,1,16.34871582
11.11736683,1,16.34868568
13.64843897,1,16.34899223
11.9535448,1,16.3490196
10.14059223,1,16.34822129
12.41371166,1,16.34816973
10.82616394,1,16.34866149
11.52206927,1,16.34817172
8.684217182,1,16.34883122
7.761443555,1,16.34766215
12.77397158,1,16.34785644
11.08154583,1,16.34781265
7.170626836,1,16.34804953
10.6706391,1,16.34747334
7.069653505,1,16.34751974
8.002498418,1,16.34745716
7.715470117,1,16.34756543
7.521090125,1,16.34789689
6.644432587,1,16.34797589
5.910086624,1,16.34783217
7.453919395,1,16.34801562
5.263565441,1,16.34832924
5.962208763,1,16.34834399
4.275746046,1,16.34840478
7.761363014,1,16.34836802
8.0222587,1,16.34840502
6.400760724,1,16.34846082
7.746551488,1,16.3481685
7.95698802,1,16.34813115
6.000641813,1,16.34811306
7.141474751,1,16.34811366
7.004428588,1,16.34902965
5.125810419,1,16.34900526
8.048876858,1,16.34901645
9.781081144,1,16.34867916
6.933869101,1,16.34878909
8.235560161,1,16.34870985
6.979303776,1,16.34871699
5.141361331,1,16.34884941
7.001210396,1,16.34872449
8.313796102,1,16.34868261
6.640789134,1,16.34862752
6.055141645,1,16.34757672
10.05737908,1,16.3482988
9.358754971,1,16.34847568
8.544031267,1,16.34891524
7.980928884,1,16.34884862
2.712351482,9,25.83812479
4.790912475,9,25.8378485
2.883679255,9,25.83789102
3.616511114,9,25.83810088
2.191440116,9,25.8381223
3.388133267,9,25.83807931
3.462854385,9,25.83790672
6.146689129,9,25.83780758
7.370056085,9,25.83779949
3.390788754,9,25.83789371
5.137131681,9,25.8377465
2.959650853,9,25.83776015
3.922585786,9,25.83781154
5.136097466,9,25.83783542
2.231193243,9,25.83780599
2.469087061,9,25.83775729
2.998804207,9,25.83791299
3.315186418,9,25.83818337
3.599375,9,25.83813983
4.704213744,9,25.83792798
3.126320664,9,25.83800531
3.287112647,9,25.83798873
4.220474267,9,25.83800571
2.88208356,9,25.83801324
2.225037511,9,25.83810866
2.839719476,9,25.83780686
2.535219972,9,25.83783883
2.329171457,9,25.83784779
5.523350715,9,25.8381288
2.339968474,9,25.83801633
4.759157071,9,25.83802292
3.143927171,9,25.837786
4.842396602,9,25.83774849
4.317599819,9,25.83808875
4.678456806,9,25.83801832
3.200052714,9,25.83781995
3.104087955,9,25.83776276
3.353526023,9,25.83785699
4.443753391,9,25.8380717
5.171066858,9,25.83764482
4.366173635,9,25.83754179
3.124405825,9,25.83754457
5.333688298,9,25.83753822
3.91209375,9,25.8371907
3.334941693,9,25.83715263
2.857716537,9,25.83713788
4.877563095,9,25.83728802
5.165032456,9,25.83703163
3.952067455,9,25.83700939
4.471481849,9,25.83658453
4.440613844,9,25.8366094
3.225792857,9,25.83671766
5.764024154,9,25.83665163
2.87549447,9,25.83674717
2.921690918,9,25.83672528
4.288427728,9,25.83685068
3.843564392,9,25.83692099
4.420230587,9,25.83653373
5.941489767,9,25.83653076
6.832003146,9,25.83695882
7.070518001,9,25.836864
5.334543965,9,25.83662296
4.087393268,9,25.83665092
5.609361298,9,25.83703354
5.669470668,9,25.83719903
4.833566903,9,25.83703366
4.674148411,9,25.83665473
6.670533302,9,25.83670113
8.093621589,9,25.83671421
7.650293961,9,25.83702354
3.290064105,9,25.83704555
4.113361728,9,25.83704865
5.012782968,9,25.83698714
5.24352827,9,25.83681605
4.584163158,9,25.83680844
4.06527662,9,25.83686162
4.436891967,9,25.83679262
5.024884777,9,25.8365718
5.739680171,9,25.83684449
6.812664601,9,25.83678262
4.453645783,9,25.83680999
4.275769442,9,25.8368408
4.158747682,9,25.83704948
4.213154556,9,25.83721842
5.264416323,9,25.83716714
5.326799209,9,25.83710302
3.686195386,9,25.83707994
2.838133678,9,25.83708291
2.742674159,9,25.83710302
3.54769962,9,25.83708648
4.533836867,9,25.83726006
6.49847883,9,25.83700927
5.408284933,9,25.83704436
3.627889346,9,25.83685068
4.216899762,9,25.83696358
8.313357632,9,25.83693324
3.750269633,9,25.83685329
4.73022656,9,25.83658418
3.369822226,9,25.83655824
4.299151735,9,25.83659262
4.426870492,9,25.83667935
8.599061864,9,25.8367022
5.845145458,9,25.83672671
3.940382546,9,25.83673194
3.388245581,9,25.83676394
7.176960245,9,25.83688553
4.377545063,9,25.83690814
5.095949837,9,25.83689791
5.26958047,9,25.83695394
3.901807279,9,25.83698833
5.886064491,9,25.83699011
9.12275498,9,25.83679749
5.184245235,9,25.83680023
5.11090287,9,25.83687697
4.548619474,9,25.83667579
4.698837315,9,25.83724947
5.160371468,9,25.83705138
4.444045621,9,25.83705947
5.928897953,9,25.83717048
5.730339103,9,25.83723924
3.49085399,9,25.83721414
5.546600899,9,25.83726934
6.400693017,9,25.83751847
5.683428002,9,25.83753763
5.965793521,9,25.83719451
5.129381037,9,25.83745863
4.850622014,9,25.83767314
4.152180868,9,25.83722901
4.527119387,9,25.83787587
3.790132989,9,25.83756094
6.548670533,9,25.83746731
3.981305347,9,25.83743959
6.335210517,9,25.83729623
3.722970715,9,25.83741639
6.455417978,9,25.83748445
5.271916179,9,25.83817556
4.714066032,9,25.83773595
4.254458811,9,25.83699404
4.784946266,9,25.83660381
4.199515582,9,25.83660749
4.772980371,9,25.83664152
4.308181989,9,25.83663295
4.09663388,9,25.8365768
4.518974252,9,25.83660452
4.135639601,9,25.83667983
8.196965486,9,25.8367599
3.816555796,9,25.8367875
4.383251144,9,25.83665496
4.751189978,9,25.8367994
4.418997395,9,25.83661987
3.935626459,9,25.83696525
3.772485297,9,25.83763899
8.358319788,8,25.84312629
5.540984067,8,25.84317972
7.265972635,8,25.84312579
8.248606802,8,25.84292691
3.757322248,8,25.84292294
12.07691507,8,25.84287803
4.20286628,8,25.84304509
4.310105646,8,25.84307731
4.012417387,8,25.84301752
3.984780953,8,25.84307205
4.34449363,8,25.84309515
7.81454093,8,25.84281121
6.265170042,8,25.84265
4.845615458,8,25.84266646
4.355174175,8,25.84269114
3.836368231,8,25.84273645
4.392234881,8,25.84265168
4.143804846,8,25.84244526
4.752953234,8,25.84231459
4.263670846,8,25.84236377
2.429234936,8,25.8423713
6.582279043,8,25.84217252
7.332509934,8,25.84217024
3.481935715,8,25.84229724
4.738573613,8,25.84243535
4.990779831,8,25.84187241
3.401719373,8,25.84192694
3.292663047,8,25.84196541
3.334974798,8,25.84195252
5.564008613,8,25.84200784
4.521555093,8,25.84180489
6.055759189,8,25.84168007
3.019541193,8,25.84159996
4.304586432,8,25.84160502
4.823658927,8,25.84161275
4.797013321,8,25.84161483
3.788162931,8,25.84158459
4.427934999,8,25.84169692
3.653830788,8,25.84173311
3.578014206,8,25.84189333
3.682755597,8,25.84175978
3.535595057,8,25.84158945
4.19608296,8,25.84160165
3.998639171,8,25.84165429
3.255258093,8,25.84163536
5.960227384,8,25.84164021
3.878501967,8,25.84198871
3.519638977,8,25.84203758
4.06022369,8,25.84206336
5.072041786,8,25.84225005
4.790801285,8,25.84211264
3.270296438,8,25.84218144
3.797395195,8,25.84227384
5.29547012,8,25.84230954
4.924809627,8,25.84235643
4.081501314,8,25.84269156
4.143021771,8,25.8427325
5.012064728,8,25.84281301
6.762849278,8,25.84284226
8.463332028,8,25.84276721
4.808172542,8,25.84282828
3.729216994,8,25.84292237
5.6538351,8,25.84295151
4.29759815,8,25.84290442
3.152632198,8,25.84291543
4.467953573,8,25.84279576
3.923700654,8,25.84299266
4.488972487,8,25.8430226
4.068287067,8,25.84301596
3.109321291,8,25.84300386
3.188992103,8,25.84283829
4.596872363,8,25.84278763
2.791417317,8,25.84260322
5.274791346,8,25.84270762
7.192192982,8,25.84278148
3.073068335,8,25.8429188
2.75458471,8,25.84287904
5.429963679,8,25.84298066
5.332115745,8,25.84318549
3.866324035,8,25.84286605
16.39470791,8,25.84296173
5.230286067,8,25.84319452
5.301274897,8,25.84319491
4.341068969,8,25.84323219
4.656133133,8,25.84307485
4.703936716,8,25.84313444
4.328598402,8,25.84301675
5.351505793,8,25.84286913
4.811396308,8,25.84307257
6.320319484,8,25.84317429
4.236376117,8,25.84312531
4.486766663,8,25.84319987
8.941237555,8,25.84322971
3.415933827,8,25.84307406
3.145235556,8,25.84305294
5.037876075,8,25.84311818
4.688896295,8,25.84283016
3.584041187,8,25.84303589
4.9007687,8,25.84302339
3.293562948,8,25.84297799
4.517794943,8,25.84300594
4.112718498,8,25.84272953
3.383741026,8,25.84278208
4.043204077,8,25.84234614
4.793690915,8,25.84215261
4.890938905,8,25.84249846
4.059413451,8,25.84256175
6.92263591,8,25.84253023
3.425886857,8,25.84241054
3.470103165,8,25.84213131
3.641016459,8,25.84208551
3.989976288,8,25.84205207
4.005288592,8,25.84194809
4.01719707,8,25.84196737
6.480023923,8,25.84247015
5.434118627,8,25.84317221
8.351284009,8,25.84321777
9.658477261,8,25.84298863
9.517213894,8,25.84290642
5.577155904,8,25.84280113
7.499081459,8,25.84248157
2.921352193,8,25.84264849
6.480853234,7,25.89549505
5.276927182,7,25.89550487
5.270112013,7,25.89535342
4.392746052,7,25.8953204
4.399538086,7,25.89523189
4.908995664,7,25.89547727
9.731942212,7,25.89551308
5.493132579,7,25.89538191
3.494713583,7,25.89520839
2.777671615,7,25.89532153
3.43812277,7,25.89535948
10.97356879,7,25.89550782
4.583010627,7,25.89551179
4.234270597,7,25.89545686
5.528338954,7,25.89544973
9.506859624,7,25.89543228
6.540100864,7,25.89532233
3.267844753,7,25.89534424
4.060481956,7,25.89535722
7.205391615,7,25.89539301
9.12633397,7,25.89541453
3.651435471,7,25.89519839
5.322100539,7,25.8952328
3.545942158,7,25.89527959
4.439062613,7,25.89518709
6.182080952,7,25.89494855
12.77548894,7,25.89489174
6.530324429,7,25.89484227
11.1668884,7,25.89479488
4.21695379,7,25.89475096
4.960703111,7,25.89477416
4.380727225,7,25.89451579
6.955605587,7,25.89465142
5.378933743,7,25.89478556
4.880521759,7,25.8950007
4.950365015,7,25.8949773
4.064770586,7,25.89508725
3.93344418,7,25.89510817
5.336977517,7,25.89512989
3.603683723,7,25.89510728
3.343231694,7,25.89451123
4.630652661,7,25.89437094
3.260991956,7,25.89439543
4.524803163,7,25.8944104
4.865818552,7,25.89428191
11.95630826,7,25.89410533
10.15943259,7,25.89410384
4.056797888,7,25.89413418
3.186988049,7,25.89417751
3.495787202,7,25.89421171
3.172960094,7,25.89412645
3.463676979,7,25.8942368
6.959204644,7,25.89398963
2.710483964,7,25.89396345
4.409590849,7,25.89401749
4.787967074,7,25.8940272
4.513681674,7,25.89404317
5.041378828,7,25.89402086
4.203249277,7,25.893947
3.57086944,7,25.8939672
4.070757943,7,25.89398481
4.263027126,7,25.89400246
4.710295218,7,25.89387149
5.409018718,7,25.89395858
4.271958929,7,25.8938998
3.663498334,7,25.89387262
4.226307987,7,25.89398969
4.370300026,7,25.8939744
4.919926754,7,25.89399566
5.215915703,7,25.89400032
3.824470058,7,25.89385795
4.739209854,7,25.89414011
3.913249557,7,25.89412276
3.480564529,7,25.89410769
10.94623752,7,25.89410541
6.581398682,7,25.89426692
4.350389507,7,25.89450863
4.583983417,7,25.89455701
4.189134381,7,25.89450407
4.725507752,7,25.89435823
3.728346214,7,25.89422141
2.98927427,7,25.89423876
2.761577579,7,25.89424709
2.980977983,7,25.89438777
3.591912227,7,25.89441474
4.419392148,7,25.89442049
3.636228818,7,25.89447423
2.996749351,7,25.89447532
4.53019852,7,25.89453381
3.816448406,7,25.89489489
3.81305523,7,25.89475064
4.06767766,7,25.89468729
4.453834527,7,25.89509977
2.705014367,7,25.89514664
2.131223993,7,25.89524317
3.929060104,7,25.89499935
10.22893376,7,25.89504028
5.322914559,7,25.89474681
2.958248411,7,25.89472659
5.479996037,7,25.89462149
3.949119831,7,25.89455646
5.679630497,7,25.89459405
2.772411629,7,25.8943569
3.773803125,7,25.89441543
4.521604954,7,25.89435127
4.617550978,7,25.89418605
3.118963557,7,25.89406137
3.640978576,7,25.89433628
3.93864482,7,25.89492139
8.293655759,7,25.89486587
4.505942655,7,25.89493511
10.6862737,7,25.89525146
5.144885837,7,25.89514866
6.558492088,7,25.89543289
4.626276886,7,25.89549821
5.535840875,7,25.89477913
4.331314504,7,25.89478746
3.937306208,7,25.8944867
5.200872168,7,25.89453976
4.297749728,7,25.89462935
3.949951858,4,26.03728545
2.753765023,4,26.0373209
3.527246801,4,26.03741656
2.525107137,4,26.03741751
2.922105273,4,26.03758407
4.56029132,4,26.03779989
4.775975542,4,26.03788674
4.019182849,4,26.03827173
6.131053112,4,26.03818504
5.1200195,4,26.03820614
2.866410611,4,26.03816696
3.29986764,4,26.03823692
5.126192115,4,26.0380119
3.653993732,4,26.0381626
3.588254598,4,26.03818425
4.344813344,4,26.03827047
2.876011883,4,26.03830203
4.009028064,4,26.0383194
4.000786625,4,26.03809121
1.851471321,4,26.03827943
4.138009445,4,26.0382412
2.77334625,4,26.0381511
4.249825951,4,26.03796708
4.755341194,4,26.03800643
3.58234872,4,26.03725356
4.662829413,4,26.03730726
4.264960198,4,26.03727704
2.859314985,4,26.03729988
2.927859774,4,26.03759478
3.120044691,4,26.03769416
4.952173015,4,26.03788357
7.140961937,4,26.03791418
4.880027551,4,26.03783185
2.43186693,4,26.03825
3.205388593,4,26.0385451
4.624364476,4,26.03839977
1.994523575,4,26.03843766
2.219726417,4,26.03860077
1.785741341,4,26.03862284
2.282034042,4,26.03842719
2.569851175,4,26.03860131
3.238801486,4,26.03875336
5.332833445,4,26.03872355
2.937472883,4,26.03875169
4.098674702,4,26.03883729
3.835446311,4,26.03856199
1.831942137,4,26.03856895
4.044117716,4,26.03869952
5.01260819,4,26.03860244
2.307747034,4,26.03865818
3.323061811,4,26.03865056
4.67999258,4,26.03876008
3.897974305,4,26.03874967
2.62056843,4,26.0385398
2.744378135,4,26.03855515
3.528746703,4,26.03827122
3.017295035,4,26.03838341
2.854183403,4,26.03836313
3.160437446,4,26.03877459
5.232857248,4,26.03835016
3.150811831,4,26.03775488
4.891022869,4,26.03763537
3.495243186,4,26.03768676
7.356191709,4,26.03761657
5.174593421,4,26.03764495
3.531276247,4,26.03775291
5.085959813,4,26.03745001
4.521282174,4,26.03749504
2.460392591,4,26.03727934
3.3955951,4,26.03724876
2.478918464,4,26.03725674
2.227888338,4,26.03726548
4.318506295,4,26.03788938
3.375110925,4,26.03799235
4.872511811,4,26.03796724
2.308141648,4,26.03809722
4.160903805,4,26.03819276
3.82548395,4,26.03806938
5.479849974,4,26.03811061
6.054181331,4,26.03812607
2.785956082,4,26.03810686
3.330729794,4,26.03811191
4.785983129,4,26.03845093
2.225910014,4,26.03851889
2.82114657,4,26.03852623
4.347515274,4,26.03866211
2.526578028,4,26.03855488
4.43293255,4,26.03872717
2.629949116,4,26.03877944
3.342867752,4,26.03863406
3.202872301,4,26.03873572
3.031365553,4,26.03864578
4.010763052,4,26.038856
3.348428077,4,26.03862394
2.842010938,4,26.03859718
4.274834616,4,26.0386042
3.557964499,4,26.03861008
2.98935568,4,26.03866404
3.289596849,4,26.03862305
3.274327106,4,26.03857594
2.539871302,4,26.03883518
5.65069214,4,26.03790174
3.049165162,4,26.03789837
4.769997703,4,26.03807197
5.137779737,4,26.03808813
2.861821827,4,26.03791235
3.066371042,4,26.03794477
4.397447178,4,26.03781548
3.773636258,4,26.0377898
3.741758959,4,26.03780031
4.086249099,4,26.03794774
4.941031051,4,26.03807286
2.084426736,4,26.03749594
3.913515977,4,26.03751587
3.07988195,4,26.03742743
1.934301319,4,26.03742158
4.07609142,4,26.03745975
3.955020783,4,26.03742595
3.071989965,4,26.0372926
2.641406429,4,26.03727961
3.081739672,4,26.03759915
3.066845483,4,26.03764961
4.428079658,4,26.03754482
2.822925397,4,26.03725591
2.957282333,4,26.03728238
3.792731768,4,26.03842839
3.032753916,4,26.03836583
3.68846774,4,26.03839686
3.13188598,4,26.03827888
3.844673228,4,26.03846012
3.332729616,4,26.03840539
4.133328725,4,26.0387402
3.882896503,4,26.03879384
6.968747082,4,26.03813205
6.638503104,4,26.03814762
8.683602516,4,26.03765071
4.558172313,4,26.03733364
4.914486471,4,26.03769145
3.945039006,4,26.03831339
4.758677119,4,26.03830109
5.488622995,4,26.03830942
4.681254757,2,26.11665794
6.781041304,2,26.11662433
2.901468118,2,26.11660678
4.139989645,2,26.11658884
3.763892589,2,26.11651934
4.836214512,2,26.11649336
3.765764084,2,26.11652985
4.574785128,2,26.11656782
4.082603942,2,26.11686159
3.131622731,2,26.11684622
4.672285593,2,26.11664069
4.758488467,2,26.11697025
3.915328377,2,26.11677186
4.029591149,2,26.11647532
4.050026376,2,26.11657417
3.021915548,2,26.11657476
5.434819752,2,26.1166513
2.82853594,2,26.11660044
4.323967983,2,26.11656108
5.444000747,2,26.11651627
2.809322516,2,26.11660302
2.979456491,2,26.11650972
5.375435607,2,26.11679199
4.319208449,2,26.11678118
4.546081556,2,26.11684453
4.492112301,2,26.11687695
5.447354701,2,26.11682312
3.972043008,2,26.11675144
4.218457948,2,26.11650229
2.986197481,2,26.11647919
5.645835352,2,26.11671118
3.067104731,2,26.11667212
6.204873124,2,26.11668927
4.433605578,2,26.11671019
7.864285088,2,26.11677771
4.284418204,2,26.11701199
5.224010544,2,26.11653064
8.355495656,2,26.11709576
3.969351336,2,26.11697005
3.501624767,2,26.11695329
3.171276674,2,26.11652489
5.801412937,2,26.11649604
4.605712691,2,26.11656514
3.168513941,2,26.1166049
4.005248168,2,26.1167785
3.110737114,2,26.11684295
5.437384676,2,26.11699444
5.940562066,2,26.11692762
4.809526151,2,26.1172188
5.065656239,2,26.11699404
8.591134376,2,26.11734898
7.297853934,2,26.1173465
4.895164642,2,26.11752555
5.525836543,2,26.11793611
4.449579498,2,26.1178334
6.032156376,2,26.11772325
2.758647454,2,26.11770629
4.345457874,2,26.11777024
3.647832289,2,26.11786592
8.599213758,2,26.11767933
4.543074074,2,26.11796684
6.424834037,2,26.11798806
5.487804527,2,26.11805835
4.798726093,2,26.1180995
3.680121412,2,26.11794097
4.856802421,2,26.11795415
5.696142767,2,26.11797289
8.435911652,2,26.11780246
2.879072546,2,26.11778333
6.164429045,2,26.11768468
4.372728791,2,26.11800769
6.103413383,2,26.11803347
3.310087242,2,26.11801681
5.593049957,2,26.11798291
4.958923112,2,26.11797111
4.234010455,2,26.11795832
5.202723883,2,26.11740311
4.957083816,2,26.11740093
4.275046508,2,26.11741788
5.422789757,2,26.11734908
4.773025488,2,26.11741074
3.783088558,2,26.11743444
5.013589094,2,26.11721444
8.308623239,2,26.11729373
5.343365324,2,26.11720213
5.355305765,2,26.11722235
6.357878415,2,26.11715894
7.200422319,2,26.11718297
6.670642411,2,26.11689399
4.313876189,2,26.11736262
4.191121047,2,26.11717298
5.665089586,2,26.11755214
4.490223215,2,26.11746613
4.600595482,2,26.11748457
5.830807059,2,26.11758843
5.21300996,2,26.11654611
4.966024082,2,26.11658382
4.7003835,2,26.1165586
3.153202079,2,26.11686615
4.096539282,2,26.1168571
4.651322443,2,26.11687317
4.728570465,2,26.11670256
7.563309922,2,26.11708529
4.865823405,2,26.11703473
4.641785018,2,26.11733478
3.871276096,2,26.11752157
3.046476533,2,26.11755869
3.533033981,2,26.1174114
2.7376104,2,26.11733823
3.664703295,2,26.11733276
3.510066517,2,26.11728184
4.693285571,2,26.11669494
12.19874729,2,26.11689113
3.354827505,2,26.11669637
3.1593262,2,26.11671553
2.809046926,2,26.11658632
2.917981078,2,26.11661131
4.198904065,2,26.11739788
3.43935503,2,26.11690342
5.973683537,2,26.11738463
5.726715551,2,26.11731111
4.966909939,2,26.11764221
3.896432613,2,26.11764292
4.63684888,2,26.117249
3.913252841,2,26.11712801
4.600426049,2,26.11711183
5.026410608,2,26.11698191
3.98198834,2,26.11677501
9.101373481,2,26.11653409
4.095179309,2,26.11784256
5.139502501,2,26.117893
6.560319348,2,26.11792108
5.130111643,2,26.1180786
4.685160118,2,26.11783007
3.929615846,2,26.11726578
4.803033413,2,26.11775359
5.357138742,2,26.1173404
4.108145411,2,26.11699752
3.885358975,2,26.11658063
5.990027259,2,26.11658385
8.402758387,10,29.87785064
3.132407425,10,29.8776861
5.074983568,10,29.87777045
5.608968734,10,29.87787705
6.558681099,10,29.87799555
5.355853715,10,29.87803493
6.172147507,10,29.87801541
4.871695023,10,29.87775427
4.867587406,10,29.87786313
5.097605002,10,29.87782672
3.529662723,10,29.87780257
8.294734268,10,29.87791833
6.549105261,10,29.87799697
3.862688341,10,29.87811595
4.634717486,10,29.87811833
5.151731226,10,29.87805634
4.28256472,10,29.8779175
5.286574386,10,29.87798317
6.491087867,10,29.87797782
4.852983167,10,29.87799531
5.20141059,10,29.87819661
4.514412037,10,29.87826264
4.684112567,10,29.87838459
6.301185071,10,29.87857387
5.345796651,10,29.87866168
4.059357569,10,29.87823087
5.433370103,10,29.87831582
5.53812951,10,29.87829607
5.329134194,10,29.87844324
7.578119636,10,29.87810667
5.173868747,10,29.87834687
4.850379485,10,29.87829607
5.74184814,10,29.87871331
6.881340748,10,29.87816639
6.167433198,10,29.87891333
5.539182697,10,29.87900827
8.010286502,10,29.87916841
7.919464746,10,29.87910761
7.190911973,10,29.87872047
6.697204253,10,29.87891856
5.271192803,10,29.87898897
5.486689185,10,29.87902228
5.081249507,10,29.87904132
4.050107746,10,29.87906214
5.135638038,10,29.87908629
5.749156423,10,29.87907808
6.679078578,10,29.87911211
5.364380212,10,29.87854568
11.34841846,10,29.87845776
6.435711014,10,29.87836196
5.529998289,10,29.87833245
5.431951926,10,29.87818207
5.177508215,10,29.87807059
4.72909627,10,29.8781189
8.45480347,10,29.87812775
5.944208904,10,29.87769666
5.672877883,10,29.87778232
5.709725841,10,29.87774009
7.841069588,10,29.87810498
5.902247205,10,29.87788285
5.522107611,10,29.87786513
5.196367575,10,29.87789118
5.504753278,10,29.87793627
10.42554832,9,29.90590462
8.305302272,9,29.90588035
9.266797552,9,29.90589701
14.94551261,9,29.90604573
13.88464795,9,29.90612544
20.6631456,9,29.90610617
11.67816216,9,29.90631889
9.038525086,9,29.90635149
6.526048721,9,29.90638194
9.807266667,9,29.9063158
8.468500502,9,29.90660776
8.783604012,9,29.90650092
8.30318424,9,29.90647593
10.45812682,9,29.90607999
9.3155312,9,29.90638099
5.795941962,9,29.90599052
6.134166623,9,29.9059032
9.523183024,9,29.90592342
8.859064743,9,29.90600313
8.875043227,9,29.90593722
8.177419892,9,29.90658563
10.55753798,9,29.90666058
12.12104785,9,29.90705724
9.62442948,9,29.90739084
12.66712711,9,29.90708198
9.718659913,9,29.90747364
14.24882071,9,29.90743152
8.120002939,9,29.90742986
14.27954588,9,29.90737585
9.551226915,9,29.90747055
9.708772211,9,29.90699846
10.84433253,9,29.9067667
6.400453411,9,29.90652209
7.320183206,9,29.90638123
9.184994189,9,29.90635173
9.283948877,9,29.90634816
7.255799775,9,29.90619087
7.115720663,8,29.94550616
7.275914427,8,29.94494651
9.452716911,8,29.944468
7.486014663,8,29.94441375
6.79269752,8,29.94404184
7.262914488,8,29.94421935
6.555302822,8,29.94403399
7.783839252,8,29.94489821
8.016778758,8,29.94483634
8.983166403,8,29.94485252
8.210659741,8,29.94506667
7.728133813,8,29.94431215
4.008889888,8,29.94539694
4.888187719,8,29.94553471
4.727266986,8,29.94536458
6.258865937,8,29.94551782
5.081488584,8,29.94553543
4.633382845,8,29.94509816
3.73205418,8,29.94520107
4.373667728,8,29.945106
4.136553918,8,29.94552736
11.46475667,8,29.9455922
7.82512047,8,29.94504502
4.445218299,8,29.9453257
3.990176846,8,29.94516618
5.513245999,8,29.94500596
3.709414119,8,29.94490771
5.793241089,8,29.94440742
3.869738396,8,29.94398299
9.120327355,8,29.94404832
9.623415949,8,29.94411644
5.440814206,8,29.94462435
6.755967991,8,29.94462891
23.79203403,5,30.40202367
21.20414481,5,30.40207387
15.85145689,5,30.40221307
14.02052327,5,30.40208006
15.93313546,5,30.40220403
11.82126783,5,30.40276082
9.858671816,5,30.4020013
25.73595202,5,30.40146902
19.94622241,5,30.40155444
13.51798547,5,30.401568
16.33328243,5,30.40195395
8.323628252,5,30.4020941
13.24971088,5,30.4025669
7.40326347,5,30.40255072
9.616049353,5,30.40272823
8.249532476,5,30.4027356
8.332688321,5,30.40258831
3.731156087,5,30.40255072
5.601644252,5,30.40256143
12.29962704,5,30.40221456
5.140657684,5,30.40222884
8.046558649,5,30.40233068
9.476712472,5,30.40259559
7.844838948,5,30.40287383
10.24308725,5,30.40282624
6.72202974,5,30.40267919
5.822691541,5,30.40269521
7.348694723,5,30.40279595
5.629528357,5,30.40239429
8.829435451,5,30.40199898
6.039203881,5,30.40184971
6.155525369,5,30.40166491
6.339048249,5,30.40179197
10.41371159,5,30.40146868
7.347665143,5,30.40249962
9.014725605,5,30.40230514
7.985123295,5,30.40238731
6.290666172,4,30.56067035
2.786868945,4,30.56064989
9.253111645,4,30.56086999
6.225751448,4,30.56096505
7.323813974,4,30.561235
4.154183506,4,30.56124214
9.43999266,4,30.5610306
6.763024795,4,30.56091972
4.404161475,4,30.56126772
5.168290995,4,30.56130924
6.858156812,4,30.56129377
8.769225715,4,30.56135278
5.380406966,4,30.56139823
6.416195183,4,30.56147033
4.322189478,4,30.56143547
4.608841702,4,30.56146818
7.476645573,4,30.56163189
4.761366745,4,30.56122976
5.149182308,4,30.56126664
6.300480274,4,30.56140346
3.955729297,4,30.56138359
5.553487823,4,30.56086344
7.007627955,4,30.56188661
5.25716403,4,30.56180155
7.170973974,4,30.5620778
4.623297558,4,30.5619881
5.362482218,4,30.56206817
5.170739029,4,30.5616489
5.296191659,4,30.56212349
4.970271094,4,30.56195241
7.979887299,4,30.56205365
7.177164255,4,30.56197787
7.96028598,4,30.56176241
6.584818825,4,30.56160929
5.559262092,4,30.56160976
7.260666861,4,30.56150828
5.008269599,4,30.56179881
4.749689684,4,30.56143368
6.633024389,4,30.56152541
7.3273431,4,30.56145914
5.601888314,4,30.56136289
16.57396573,4,30.56113137
8.940003045,4,30.5608588
12.53136467,4,30.56075363
8.4807169,4,30.56079801
8.466011324,4,30.56056185
5.368677587,4,30.56053948
5.517248496,4,30.56136206
5.361664897,4,30.56163772
6.527402458,4,30.56151113
4.896487466,4,30.56152648
5.014438144,4,30.5619875
5.510775462,4,30.5616081
23.46882897,1,30.82832768
20.25947129,1,30.82821442
21.82746709,1,30.82798377
59.36163798,1,30.82762304
27.9765973,1,30.8276278
41.21851948,1,30.82771949
28.72532638,1,30.82746505
16.64346672,1,30.82790414
20.97035945,1,30.82801738
12.56615991,1,30.82753633
10.95736217,1,30.82796662
12.62885846,1,30.8283049
21.15476373,1,30.82866499
9.075032894,1,30.82876989
11.39541339,1,30.82883671
9.39663108,1,30.828432
8.29029974,1,30.82888926
9.0180506,1,30.82868403
7.990310647,1,30.82841138
11.14345973,1,30.82847979
11.77973047,1,30.82751175
17.14250224,2,30.8177468
15.03059011,2,30.81769952
12.99920012,2,30.81764908
29.33405719,2,30.81788068
10.91743482,2,30.8181053
6.742921881,2,30.81811291
10.90469597,2,30.81839528
7.512120907,2,30.81845461
9.348010143,2,30.81851298
21.09299901,2,30.81850537
18.0970234,2,30.81874014
16.46511953,2,30.8188239
16.07681265,2,30.81824299
16.37487967,2,30.81812719
13.82883351,2,30.81818525
11.32861967,2,30.81820651
12.17451235,2,30.81843779
9.293268073,2,30.81846412
12.8734517,2,30.81847745
9.250184697,2,30.81869668
9.319573638,2,30.81782897
9.76595133,2,30.81868589
22.01310438,2,30.81875759
9.19146132,2,30.81818589
12.41115752,2,30.81870048
6.540076282,2,30.81790162
10.36451723,2,30.81836894
9.154983456,2,30.81825917
5.097992669,2,30.81786672
5.879736892,2,30.81757579
10.97173412,2,30.81798284
8.255185296,2,30.81796983
5.580044175,2,30.8183461
7.241221672,2,30.81785911
12.68273652,2,30.81752662
5.43456908,2,30.81755866
6.50966595,2,30.81758563
4.952938987,2,30.81753613
5.384139271,2,30.81752186
7.829918884,2,30.81870461
6.562185766,2,30.81839972
6.281677657,2,30.81823443
5.840176171,2,30.81896
4.404957872,2,30.81906406
9.098127715,2,30.81887117
9.547552844,2,30.81808785
6.713669569,2,30.81799997
12.39158356,2,30.81774204
5.484237276,2,30.81775282
5.641017961,2,30.81868748
6.322898739,2,30.81868399
6.083322586,2,30.81815543
5.022963615,2,30.8189692
5.541731499,2,30.81901108
5.475855714,2,30.81902663
5.515698254,2,30.81890942
9.002059561,9,18.81597241
8.551207809,9,18.81571281
7.62768825,9,18.81567109
7.263448657,9,18.81586795
7.752558976,9,18.81607988
9.818632011,9,18.81620139
6.033511278,9,18.81616776
6.651682325,9,18.81620853
7.266707788,9,18.81629007
8.404868592,9,18.81588937
6.934501736,9,18.81581703
7.750045032,9,18.81587826
12.68343226,9,18.81589079
5.258752123,9,18.81622566
6.193229096,9,18.81620028
6.324473653,9,18.81600548
7.620413937,9,18.81618141
8.577699769,9,18.81643474
7.84651537,9,18.81646186
7.473400633,9,18.8164303
6.561618618,9,18.81646884
4.846925689,9,18.81649042
7.331149487,9,18.81650295
6.041963684,9,18.81652151
7.653260706,9,18.81656323
8.995177908,9,18.81659638
7.767347554,9,18.81658956
6.750320467,9,18.8166224
9.428035454,9,18.81564793
7.494963323,9,18.81592633
7.315645952,9,18.81602722
6.714776666,9,18.81606196
6.598231535,9,18.81625834
5.35136207,9,18.81650755
6.059934087,9,18.81614492
4.934118314,9,18.81609797
5.133658515,9,18.81603705
5.825146873,9,18.81578895
4.962420732,9,18.81590269
5.974439342,9,18.81606037
11.26648745,9,18.81619536
10.41271533,9,18.81620948
7.018502789,9,18.81629086
6.204498656,9,18.81570345
6.14391784,9,18.81565824
7.809953871,9,18.81585542
7.980247744,9,18.81649074
5.396089834,9,18.81666808
6.372099908,9,18.81635622
5.35262451,9,18.81575247
6.727007882,9,18.81585875
10.59417865,9,18.81652817
6.168776543,9,18.81628023
6.905315215,9,18.81649518
5.893778728,9,18.81635749
5.013981172,9,18.81642395
5.170375178,9,18.81682767
10.14383339,9,18.81697392
5.63855511,9,18.81723487
7.405832778,9,18.81720299
6.329504262,9,18.81701755
6.358008791,9,18.81717364
6.198839591,9,18.81701691
4.536085596,9,18.81698408
6.972497678,9,18.81687541
6.402424813,9,18.81686606
4.983018462,9,18.8168283
6.721851648,9,18.8167106
5.955934367,9,18.81672519
8.334449441,9,18.81689699
4.903866554,9,18.81693982
5.782000439,9,18.81699042
6.707295005,9,18.81671155
4.892020311,9,18.81712177
8.011644752,9,18.81707767
6.592062265,9,18.81701723
7.154493999,9,18.81673074
8.12400362,9,18.81666063
5.18477297,9,18.81656688
5.706727989,9,18.81618759
7.895939066,9,18.81613255
6.132770315,9,18.81628467
5.694009044,9,18.81639207
6.359669107,9,18.81561779
7.850635799,9,18.81690584
8.574058809,9,18.81599229
7.70704185,9,18.81587141
5.157776245,9,18.81579717
7.825124933,9,18.81566693
8.266184033,9,18.81587823
5.86541222,9,18.81583365
9.498050145,9,18.81581811
6.117033887,9,18.81587617
6.088309735,9,18.81576893
7.630575104,9,18.81645311
7.119228682,9,18.81613727
8.275203278,9,18.81609381
8.483359892,9,18.81611951
8.168785093,9,18.8162334
7.792539175,9,18.81560364
6.466010278,9,18.81579542
10.82021084,9,18.81633969
4.811380689,9,18.81635095
5.257573271,9,18.81617376
6.451439725,9,18.81613743
5.480576863,9,18.81612871
5.776748331,9,18.81583207
4.766928342,9,18.81577734
5.039760078,9,18.81579336
6.242390489,9,18.8160375
5.41705826,9,18.81605732
6.703881568,9,18.81575593
5.08670409,9,18.81580827
5.448979619,9,18.81658017
7.785710593,9,18.81700657
5.736721318,9,18.81707177
4.384693198,9,18.81709651
4.892052699,9,18.81705178
6.222191982,9,18.81702735
5.45696297,9,18.81710492
5.574962607,9,18.81722263
8.915732177,9,18.81716425
7.424970172,9,18.8170724
5.910591094,9,18.81684001
5.765166175,9,18.8164236
6.979111928,9,18.81626576
6.355956951,9,18.81646231
5.884137165,9,18.81647214
7.303691883,9,18.81655971
4.227960873,9,18.81654099
6.530114362,9,18.81650926
4.959922083,9,18.81660127
5.164689377,9,18.81611253
6.282388074,9,18.81607795
5.849374283,9,18.81599308
6.606628169,9,18.81602972
5.364592432,9,18.81605463
5.824072845,9,18.81572737
5.708776042,9,18.81565345
11.59050227,9,18.815965
6.120834512,9,18.81657462
8.700125032,7,18.90973831
8.301962079,7,18.90986965
7.613416222,7,18.90983182
8.165243474,7,18.90978494
10.87667301,7,18.90991843
7.759615056,7,18.90978534
10.04807571,7,18.90982103
11.58545883,7,18.90994365
5.338716014,7,18.90998077
9.552229584,7,18.91002646
10.52085874,7,18.9100328
8.50999599,7,18.91014258
7.234973465,7,18.90973632
7.346142002,7,18.91005358
8.234064527,7,18.90961545
6.575499038,7,18.90963305
7.582826737,7,18.90969682
9.356816599,7,18.90977646
7.230350366,7,18.9097414
7.362924793,7,18.9100244
8.277243383,7,18.91004486
7.674559265,7,18.91003265
13.9474587,7,18.90979867
8.576089499,7,18.91027535
5.013533627,7,18.91048411
7.005421698,7,18.91023252
6.591962218,7,18.91015907
6.373111501,7,18.91002138
6.14599409,7,18.91013702
10.68569602,7,18.90996618
8.402700181,7,18.90990907
6.075030631,7,18.9098802
6.277947,7,18.90979121
6.90279898,7,18.90973188
9.193420465,7,18.90972522
8.596550648,7,18.90962766
6.630773225,7,18.9097038
6.311165998,7,18.90965384
6.110467459,7,18.90965288
5.546939126,7,18.90960403
5.542078324,7,18.90966811
11.9773354,7,18.91014258
6.876893392,7,18.90972236
6.977808091,7,18.90980358
5.925431463,7,18.90963464
6.878181326,7,18.91023649
7.159404527,7,18.91036799
5.865307694,7,18.91036069
6.856327896,7,18.91038465
5.07210387,7,18.91036291
8.699054444,7,18.91019477
5.715712958,7,18.91013877
5.770599593,7,18.91012322
5.686576264,7,18.91017161
5.443751373,7,18.91046714
6.995789159,7,18.91051742
8.082996515,7,18.91053868
6.858012237,7,18.91064988
6.27121094,7,18.91070889
6.448697628,7,18.91077916
8.612189026,7,18.91065242
7.923589926,7,18.91060895
6.437317197,7,18.91062307
5.307430265,7,18.91059594
8.04258803,7,18.9105336
12.52810122,7,18.91123062
12.91405588,7,18.91115496
5.71699522,7,18.91117859
5.982421284,7,18.91114433
6.430645676,7,18.91076552
11.33213537,7,18.9111529
11.8215572,7,18.91120318
7.487696452,7,18.91105391
8.795793417,7,18.91116955
7.78586216,7,18.91116114
6.579451862,7,18.91096301
7.959934191,7,18.91088687
8.77040885,7,18.9109343
9.171550551,7,18.91066003
6.608203234,7,18.91065543
9.637456698,7,18.91044842
6.936240853,7,18.9103948
7.183010998,7,18.91029803
6.834816095,7,18.9110777
6.909573325,7,18.91108849
6.879006864,7,18.91115036
8.037652864,7,18.91113005
7.691179104,7,18.91118383
7.173057,7,18.91120984
7.942953601,7,18.9111621
6.433871308,7,18.91094493
7.754883863,7,18.91072063
7.098640802,7,18.91079153
6.575002479,7,18.91057627
7.963488914,7,18.9105547
6.998934653,7,18.91057532
5.488138241,7,18.91062767
5.178337705,7,18.91062132
6.401217683,7,18.91065559
5.131883644,7,18.91063592
5.746582893,7,18.91070254
4.946693578,7,18.91070651
6.594158459,7,18.91051108
7.654819631,7,18.91040638
5.852920427,7,18.91014829
6.783835299,7,18.91030295
5.935871303,7,18.91015606
8.63923893,7,18.91023411
6.237983965,7,18.91047269
6.159780323,7,18.91055073
7.017547461,7,18.90997062
10.69341365,7,18.90992145
7.28199586,7,18.90961989
7.54801446,7,18.90967826
6.305779759,7,18.90967192
8.424562548,7,18.91012116
6.992409368,7,18.91089306
9.571008821,7,18.91040416
5.957807262,7,18.91045968
6.429473666,7,18.91050774
7.849848243,7,18.91044762
13.38331206,4,19.94300632
5.06910522,4,19.94302345
12.54530229,4,19.94321738
8.12928078,4,19.94328852
9.756780547,4,19.94354574
5.900387513,4,19.94346246
5.504914437,4,19.94346413
11.90427697,4,19.94403829
9.553330548,4,19.9439769
8.323132762,4,19.94350767
8.40938034,4,19.94367519
7.0108552,4,19.94360095
7.791009475,4,19.94316289
8.199446844,4,19.94319216
7.975810103,4,19.94324284
13.6019973,4,19.9429711
19.398328,4,19.94323713
8.010810298,4,19.9431103
4.704704071,4,19.94334349
5.238134619,4,19.94334444
7.805895322,4,19.94332541
4.929467725,4,19.94339917
10.77314866,4,19.94307009
7.807429926,4,19.9429692
7.790925794,4,19.94437237
9.617089259,4,19.94448789
7.150467201,4,19.94456998
4.928816375,4,19.9445494
4.954614021,4,19.94456737
5.047043462,4,19.94462055
5.027535775,4,19.94459509
6.032499555,4,19.94447052
4.118010737,4,19.94441282
4.113374525,4,19.94447135
4.532196235,4,19.94437808
4.024939381,4,19.94440925
6.695945998,4,19.94429813
9.060628489,4,19.94432716
4.216512511,4,19.94427136
4.413722421,4,19.94423436
5.308034039,4,19.94412859
3.868809558,4,19.944123
4.16683555,4,19.94419653
7.444506348,4,19.94428873
4.529513963,4,19.94427552
4.616511386,4,19.94433584
3.646922216,4,19.94431538
3.974157635,4,19.94419843
5.027458118,4,19.94447742
11.07130723,4,19.94445958
4.796829288,4,19.94443638
4.226535993,4,19.94438938
5.552926992,4,19.94435226
5.437056622,4,19.94432704
4.96022776,4,19.94444922
3.91996917,4,19.94452204
4.194937167,4,19.94450169
4.370608329,4,19.9441769
6.425276167,4,19.94408981
3.413830334,4,19.94446564
3.595938692,4,19.94435607
3.992340724,4,19.94442698
4.326331148,4,19.94447706
10.22489865,4,19.94415596
8.199774778,4,19.94393574
8.301167487,4,19.94398559
10.1495231,4,19.94394276
6.812802793,4,19.94451871
6.136925468,4,19.94435702
5.618981443,4,19.94447552
6.730522299,4,19.94446874
6.738724334,4,19.94418939
13.52707686,4,19.94365068
9.075740263,4,19.94362391
7.894244097,4,19.94374871
5.270547015,4,19.94379487
6.157590633,4,19.94378464
8.275645564,4,19.94318371
8.243853429,4,19.9430902
6.648044622,4,19.94313124
4.74445153,4,19.94308068
6.509384508,4,19.94315634
7.238694876,4,19.94329971
5.195896966,4,19.94314242
7.253736742,4,19.94295611
9.761825877,4,19.94293172
6.030111984,4,19.94296825
6.567739365,4,19.94302488
6.148382799,4,19.94305308
5.864962602,4,19.94303547
5.17793637,4,19.94296325
9.825006267,4,19.94303416
5.577748444,4,19.94301286
6.861246304,4,19.94369696
9.333787509,4,19.94364866
5.353749553,4,19.94368018
5.724343754,4,19.94369934
9.042926805,4,19.94368268
8.337173188,4,19.94375799
6.153344099,4,19.94372706
4.618860257,4,19.9437593
5.093808325,4,19.94371266
9.431207689,4,19.94389362
5.280481229,4,19.94394288
5.373040395,4,19.9442083
5.87648071,4,19.94417285
7.793624977,4,19.94401664
7.064066776,4,19.94389457
4.257455468,4,19.94410789
5.632246024,4,19.94378
4.612328394,4,19.94379464
5.922732598,4,19.94352044
5.435916582,4,19.94358151
6.163382692,4,19.94362482
5.644968046,4,19.94363545
6.668215953,4,19.94347396
5.758348639,4,19.94337942
4.683416501,4,19.94339116
5.620281076,4,19.94381074
6.563052461,4,19.94324252
7.811406907,4,19.94431978
5.083359594,4,19.94440021
5.23363589,4,19.94439767
9.141975472,4,19.94405963
7.045135748,4,19.94402933
5.001262167,4,19.94395906
7.344492377,4,19.94394906
5.007267152,4,19.94398729
3.210675933,4,19.94454095
6.076591533,4,19.94458723
5.001700921,4,19.94461626
5.472846788,4,19.94457902
6.824395966,4,19.94451002
5.36972494,4,19.94420545
7.030285968,4,19.94384413
4.837430859,4,19.94380487
3.888213965,4,19.94312529
7.793015185,4,19.94343212
4.126510118,4,19.94339524
8.75074091,7,19.85654755
11.52761697,7,19.85657861
8.904658195,7,19.8566488
6.112428269,7,19.85662976
5.15413977,7,19.85659003
5.925026316,7,19.85654601
4.165199177,7,19.85657016
5.163751614,7,19.85659931
6.046404225,7,19.85652864
5.429391548,7,19.85661323
11.24377957,7,19.85699132
4.341801664,7,19.85697288
5.117244343,7,19.85699323
4.393888099,7,19.85702904
4.839952707,7,19.85708139
5.412905019,7,19.85700393
6.413801525,7,19.85711886
7.158056471,7,19.85725437
5.744123074,7,19.85700917
4.380614535,7,19.85675897
3.636622152,7,19.85678371
5.863891532,7,19.85678574
8.978597201,7,19.85653102
5.012322074,7,19.85657658
4.204049895,7,19.85704534
5.17239033,7,19.85698621
4.603182219,7,19.85726603
4.888551697,7,19.85679537
4.727720662,7,19.85688746
5.568581271,7,19.85698561
7.219718889,7,19.85708127
9.478738095,7,19.85704641
5.011617115,7,19.85689948
7.055356958,7,19.85679216
6.303277866,7,19.85653447
3.947965324,7,19.85653244
8.232474049,7,19.85679454
7.408390237,7,19.85668877
8.919622835,7,19.85657206
3.879612372,7,19.856524
4.373169893,7,19.85681917
5.40466448,7,19.8568971
3.525744228,7,19.85693838
4.618411478,7,19.85693826
4.008324402,7,19.85705093
5.090213668,7,19.85710494
4.821220324,7,19.85724545
5.908461961,7,19.857084
4.075559613,7,19.85704224
7.323289303,7,19.85709685
7.24002683,7,19.85706651
5.723471136,7,19.8570012
5.275892498,7,19.85689638
4.260807566,7,19.85701571
5.907208742,7,19.85702464
4.78812594,7,19.85696325
6.04118286,7,19.85697598
5.487341263,7,19.85730018
4.997819151,7,19.8573712
4.627110789,7,19.85744366
7.008938124,7,19.85754193
7.010856877,7,19.85754074
4.00249336,7,19.85760082
4.98790501,7,19.85760582
8.370380751,7,19.85776715
3.994275768,7,19.85770683
4.461805721,7,19.85772301
4.498438862,7,19.8577637
5.37323142,7,19.85786744
5.121053318,7,19.8578948
5.296694904,7,19.85791622
5.472345802,7,19.85795964
5.736863033,7,19.85810003
6.64566968,7,19.85806375
6.547438976,7,19.85781616
5.802833286,7,19.85763651
4.462207715,7,19.85760058
6.075967023,7,19.85765353
5.204764378,7,19.85757524
8.261557926,7,19.85786589
4.830944396,7,19.85771979
5.133457494,7,19.85817165
6.851343542,7,19.85801949
5.756266622,7,19.8578101
6.17027477,7,19.85809979
5.717524479,7,19.85812525
4.051133075,7,19.85810681
6.597702293,7,19.85784388
4.01234044,7,19.85783877
5.346761142,7,19.85778321
5.140427988,7,19.85798189
4.262203308,7,19.85797154
4.207340384,7,19.85774169
4.154574632,7,19.85780165
3.71444206,7,19.85767589
6.034023989,7,19.85784246
3.744601392,7,19.85787125
4.973951896,7,19.85806648
4.885197382,7,19.85744923
4.052696318,7,19.85728742
5.348348122,7,19.85730634
4.130980012,7,19.85734988
4.975563946,7,19.85741199
9.90076507,7,19.8574518
10.63707536,7,19.85704277
3.992246075,7,19.85764513
5.583042685,7,19.85749593
5.288697496,7,19.85723336
7.284727617,7,19.85703913
7.163258859,7,19.85701271
4.173212454,7,19.85665922
5.992695993,7,19.8567337
6.120698284,7,19.85700995
6.387126726,7,19.85657499
6.408371061,7,19.85729894
7.017017811,7,19.85731583
4.208593959,7,19.8576091
13.76764595,7,19.85798077
6.839582032,7,19.85789654
7.347942166,7,19.85788417
7.661460649,7,19.85781992
4.858765485,7,19.85778347
4.141865937,7,19.85711491
8.188288871,6,28.61643406
8.864548613,6,28.61650092
6.242594206,6,28.61656802
4.205312311,6,28.61618081
6.016477765,6,28.61628312
3.961281755,6,28.61632595
4.612703321,6,28.61633716
4.468496336,6,28.61635599
4.851921996,6,28.61634876
4.847822874,6,28.61639109
4.009042514,6,28.61641558
5.869659636,6,28.61651205
9.4077941,6,28.61659791
6.419207473,6,28.6166101
6.679414955,6,28.6165404
4.134269517,6,28.61652414
7.055625491,6,28.61630127
5.18125449,6,28.61631505
6.789885561,6,28.61641409
5.7436925,6,28.61666106
6.384265005,6,28.61671936
12.59986929,6,28.61687214
8.545326141,6,28.61693969
5.237583648,6,28.61677932
6.713200284,6,28.61674553
4.528876999,6,28.61667534
9.237586635,6,28.61661621
11.2777826,6,28.61689841
5.265932685,6,28.61681323
5.1688132,6,28.61683214
6.897600141,6,28.61689996
7.93346467,6,28.61675719
5.444989226,6,28.61722107
5.450658661,6,28.61724665
4.67289058,6,28.6172633
5.049085732,6,28.6173931
6.97055986,6,28.61738489
6.427844777,6,28.61749447
5.62870346,6,28.61753004
5.486897045,6,28.61737621
5.136539993,6,28.61712601
6.973612527,6,28.6170112
3.956428906,6,28.61692661
5.17122044,6,28.61773717
6.139474571,6,28.61771552
6.016591903,6,28.61776358
8.544445133,6,28.61778405
6.073971466,6,28.61784115
3.478608969,6,28.61780796
4.079035578,6,28.61785365
7.234855032,6,28.61757275
3.907710753,6,28.617637
6.093710681,6,28.6174489
6.328641149,6,28.61737085
5.792034217,6,28.6173868
6.012290774,6,28.61743129
4.839230633,6,28.617331
6.379579618,6,28.61673304
6.444704145,6,28.61675767
8.597839957,6,28.61631497
6.770390987,6,28.61626072
6.399080708,6,28.61627464
5.644127288,6,28.61771754
6.841151658,6,28.61782224
5.174787626,6,28.61775641
8.268816643,6,28.61756327
7.342163315,6,28.61760571
7.944430053,6,28.6175133
8.916999437,6,28.617108
7.759517972,6,28.61689385
7.504231813,6,28.61690952
9.822583124,6,28.61706121
7.258266025,6,28.616853
14.56449573,6,28.61691705
9.148967623,6,28.61710265
5.755655866,6,28.61761027
5.729714749,6,28.61757695
5.724397254,6,28.61737966
4.55063397,6,28.61719565
6.300548491,6,28.6171431
8.716934588,6,28.61662596
6.987843051,6,28.61667117
6.692244093,6,28.61655854
6.710930148,6,28.61636977
4.133340172,6,28.61624307
6.242983767,6,28.61623196
6.56085383,6,28.61732433
8.411705905,6,28.61758528
5.316782896,6,28.61710959
5.034225031,6,28.61704058
6.017908617,6,28.6170733
5.853690287,6,28.61749407
13.72725184,6,28.6171312
13.16131301,6,28.61715242
4.030163072,6,28.61736023
6.760825031,6,28.61621689
9.303820885,6,28.61640011
9.7552189,6,28.61654526
8.592360601,6,28.61710205
11.16827184,8,28.6075955
12.58017527,8,28.60746701
8.483863103,8,28.60749715
9.688348107,8,28.60717291
14.91950402,8,28.60709233
9.297258389,8,28.60689943
14.54629538,8,28.60671669
9.717100951,8,28.60662944
13.6306095,8,28.60638261
8.767984703,8,28.60632931
13.13701253,8,28.60623318
8.847653299,8,28.60616211
10.31461237,8,28.60669036
13.54168525,8,28.60643242
9.203480746,8,28.60647747
8.613773638,8,28.60740975
9.846890432,8,28.60756917
11.4845908,8,28.60721558
11.79764572,8,28.60726674
13.21558026,8,28.60750064
10.25899631,8,28.60729743
7.928481784,8,28.6072339
11.08646422,8,28.60666259
8.446700335,8,28.60662524
9.282646196,8,28.60645106
9.065971483,8,28.60640442
7.701458422,8,28.60635112
8.869422174,8,28.60627427
10.44501384,8,28.60665308
7.947018921,8,28.60672851
5.976144037,8,28.60675682
6.345673234,8,28.60677633
10.43277553,8,28.60610318
6.907709381,8,28.60605179
9.630118828,8,28.60607796
11.44397152,8,28.60637801
8.802781668,8,28.60660406
7.323334296,8,28.60626451
7.570655036,8,28.60621192
11.16765897,8,28.606783
8.514029723,8,28.60680774
7.776628798,8,28.60676372
7.967828751,8,28.60659645
5.779304182,8,28.60662
8.766748046,8,28.60658479
6.797157498,8,28.60680869
9.610435235,8,28.6069536
7.883231275,8,28.6067799
5.339206893,8,28.60626332
6.108836241,8,28.60608914
10.56955576,8,28.60654862
12.59267417,8,28.60627617
13.22502185,8,28.60636397
9.321720978,8,28.60643774
9.237090378,8,28.60647795
6.596837755,8,28.60657931
13.88167073,8,28.60696312
6.564370255,8,28.60735835
8.895592942,8,28.60693457
8.107789482,8,28.60704569
8.616197706,8,28.60679418
8.388783861,8,28.60683035
6.714149534,8,28.60685795
8.366395419,8,28.60632067
6.314617384,8,28.60624809
6.236625052,8,28.60701713
8.604326955,8,28.60633352
7.505820983,8,28.60659454
6.892858598,8,28.60659073
8.842780438,8,28.60657408
8.777025925,8,28.60678704
7.533708467,8,28.60640871
10.01465271,8,28.60618932
8.41470611,8,28.60742378
13.77537446,8,28.607084
9.182145903,8,28.60639253
7.407412212,8,28.60603275
6.988679218,8,28.60599754
9.094722858,8,28.60699905
7.765912112,8,28.60712683
6.818507279,8,28.6065836
7.46683992,8,28.60623691
5.697938872,8,28.60610532
6.606173799,8,28.60625523
8.843495536,8,28.60650388
7.284967361,8,28.60745543
6.73940737,8,28.60754823
12.1965822,8,28.60733432
9.050766655,8,28.60750921
8.039175776,8,28.60738072
6.082585705,8,28.60606416
8.965258474,8,28.60631234
13.12126803,8,28.60645796
7.763651711,8,28.60733503
7.687593956,8,28.60743092
9.123259251,8,28.60705473
5.948412221,8,28.60710803
9.372340115,8,28.60645749
7.010087857,8,28.60644702
8.467919551,8,28.60652839
7.951932096,8,28.60688388
6.131696967,8,28.60693005
9.651764772,8,28.60747399
